2692,2688,0.9447,,,-1.0000,0.6106
68,3799,0.9437,,,-1.0000,
448,3735,0.9384,,,-1.0000,
4303,4304,0.9291,,,-1.0000,
3226,3866,0.9289,,,-1.0000,
5373,5374,0.9280,,,-1.0000,
968,961,0.9240,,,-1.0000,
2641,2287,0.9236,,,-1.0000,
3851,128,0.9161,,,-1.0000,
2633,2214,0.9135,,,-1.0000,
474,3690,0.9130,,,-1.0000,
963,3700,0.9125,,,-1.0000,
3635,20,0.9111,,,-1.0000,
17,3632,0.9103,,,-1.0000,
3674,428,0.9081,,,-1.0000,
570,3809,0.9073,,,-1.0000,
968,3699,0.9052,,,-1.0000,
3647,34,0.9043,,,-1.0000,
1094,1127,0.9042,,,-1.0000,
2625,2275,0.9037,,,-1.0000,
5366,5367,0.9031,,,-1.0000,
5335,5336,0.9014,,,-1.0000,
3634,19,0.9002,,,-1.0000,
3869,482,0.8990,,,-1.0000,
423,3687,0.8984,,,-1.0000,
424,3688,0.8951,,,-1.0000,
3885,62,0.8917,,,-1.0000,
145,3835,0.8913,,,-1.0000,
963,969,0.8910,,,-1.0000,
573,3798,0.8904,,,-1.0000,
4670,4671,0.8876,,,-1.0000,
173,174,0.8872,,,-1.0000,
3842,138,0.8850,,,-1.0000,
479,3870,0.8842,,,-1.0000,
5354,5355,0.8841,,,-1.0000,
457,3670,0.8834,,,-1.0000,
966,959,0.8833,,,-1.0000,
3843,137,0.8817,,,-1.0000,
5370,5371,0.8815,,,-1.0000,
2642,2228,0.8814,,,-1.0000,
3502,2680,0.8811,,,-1.0000,
2248,2671,0.8809,,,-1.0000,
12,3627,0.8800,,,-1.0000,
994,1014,0.8800,,,-1.0000,
203,3713,0.8778,,,-1.0000,
164,3765,0.8776,,,-1.0000,
5377,5376,0.8776,,,-1.0000,
3639,24,0.8773,,,-0.2673,
210,3815,0.8768,,,-0.1713,
961,3699,0.8765,,,0.0222,
76,3725,0.8760,,,0.0452,
31,3645,0.8755,,,0.0586,
1159,3778,0.8750,,,0.0841,
2653,2207,0.8746,,,0.0917,
3868,483,0.8744,,,0.0947,
3620,4,0.8739,,,0.0965,
969,3700,0.8709,,,0.1051,
1111,3697,0.8707,,,0.1129,
2953,31,0.8702,,,0.1158,
368,229,0.8701,,,0.1186,
3633,18,0.8693,,,0.1205,
3793,1172,0.8687,,,0.1272,
146,3834,0.8669,,,0.1340,
2233,2643,0.8664,,,0.1344,
2631,2221,0.8664,,,0.1468,
3820,59,0.8664,,,0.1490,
165,3661,0.8659,,,0.1617,
3837,143,0.8649,,,0.1684,
3651,118,0.8647,,,0.1721,
980,91,0.8644,,,0.1807,
5103,5102,0.8643,,,0.1815,
2655,2241,0.8637,,,0.1850,
5378,5379,0.8632,,,0.1874,
3855,577,0.8631,,,0.1997,
3619,1043,0.8628,,,0.2016,
98,981,0.8624,,,0.2168,
2661,2215,0.8619,,,0.2173,
56,3736,0.8611,,,0.2215,
1170,3795,0.8586,,,0.2223,
491,3860,0.8575,,,0.2292,
456,3801,0.8574,,,0.2319,
60,3756,0.8571,,,0.2331,
3675,429,0.8554,,,0.2348,
3886,248,0.8551,,,0.2364,
5095,3544,0.8542,,,0.2367,
3847,133,0.8534,,,0.2367,
79,3722,0.8533,,,0.2398,
168,3764,0.8533,,,0.2409,
2753,2754,0.8520,,,0.2431,
967,962,0.8508,,,0.2442,
3647,2960,0.8507,,,0.2446,
3776,993,0.8504,,,0.2543,
5345,5344,0.8497,,,0.2571,
65,3752,0.8485,,,0.2574,
166,3662,0.8472,,,0.2602,
112,3650,0.8470,,,0.2610,
2626,2205,0.8470,,,0.2621,
2658,2289,0.8470,,,0.2640,
167,3663,0.8469,,,0.2650,
3682,436,0.8468,,,0.2655,
7213,10635,0.8467,,,0.2659,
5337,5338,0.8465,,,0.2670,
28,3642,0.8463,,,0.2670,
473,3689,0.8460,,,0.2684,
3893,51,0.8459,,,0.2691,
3624,9,0.8455,,,0.2738,
2825,1351,0.8449,,,0.2755,
3854,970,0.8447,,,0.2774,
3212,487,0.8445,,,0.2808,
4179,4180,0.8445,,,0.2827,
5076,5075,0.8445,,,0.2867,
5339,5340,0.8444,,,0.2879,
4617,4616,0.8437,,,0.2903,
420,3684,0.8433,,,0.2929,
162,3659,0.8429,,,0.2942,
3338,3341,0.8426,,,0.2956,
502,3782,0.8416,,,0.2961,
106,3716,0.8415,,,0.3013,
8955,8234,0.8413,,,0.3018,
972,3873,0.8410,,,0.3040,
958,965,0.8408,,,0.3053,
3630,15,0.8401,,,0.3063,
187,3912,0.8394,,,0.3080,
1171,3794,0.8388,,,0.3087,
5153,5151,0.8386,,,0.3090,
3590,3591,0.8382,,,0.3105,
4969,4968,0.8366,,,0.3124,
2627,2250,0.8362,,,0.3148,
956,3745,0.8348,,,0.3151,
2956,24,0.8344,,,0.3152,
1463,5949,0.8342,,,0.3157,
2295,2664,0.8341,,,0.3160,
3883,1088,0.8337,,,0.3173,
3846,134,0.8330,,,0.3178,
4880,4881,0.8325,,,0.3183,
2632,2219,0.8311,,,0.3200,
52,3707,0.8305,,,0.3212,
5347,5346,0.8305,,,0.3214,
2338,1155,0.8304,,,0.3229,
421,3685,0.8297,,,0.3256,
3657,159,0.8291,,,0.3270,
2256,2637,0.8278,,,0.3289,
120,3900,0.8277,,,0.3309,
3732,242,0.8275,,,0.3313,
2743,2742,0.8271,,,0.3316,
4479,4478,0.8262,,,0.3332,
2651,2211,0.8258,,,0.3343,
4989,4988,0.8258,,,0.3353,
481,3668,0.8256,,,0.3378,
433,3679,0.8254,,,0.3381,
2960,34,0.8253,,,0.3400,
3911,84,0.8242,,,0.3402,
2644,2218,0.8238,,,0.3402,
3792,1175,0.8238,,,0.3403,
4544,4545,0.8236,,,0.3443,
3849,130,0.8209,,,0.3452,
1176,3791,0.8205,,,0.3483,
67,3734,0.8204,,,0.3485,
500,3783,0.8203,,,0.3487,
2956,3639,0.8203,,,0.3493,
430,3676,0.8198,,,0.3506,
5393,5394,0.8197,,,0.3511,
3637,22,0.8192,,,0.3515,
5349,5348,0.8192,,,0.3519,
3761,58,0.8188,,,0.3519,
977,976,0.8181,,,0.3522,
3839,141,0.8180,,,0.3530,
5624,1036,0.8178,,,0.3558,
5342,5341,0.8167,,,0.3564,
2667,2267,0.8164,,,0.3566,
213,3830,0.8156,,,0.3568,
2957,3630,0.8150,,,0.3571,
151,3652,0.8145,,,0.3577,
3629,14,0.8142,,,0.3593,
3656,158,0.8137,,,0.3597,
211,3814,0.8133,,,0.3608,
2669,2210,0.8133,,,0.3622,
3884,1058,0.8130,,,0.3634,
3739,57,0.8128,,,0.3655,
569,3810,0.8127,,,0.3658,
3644,30,0.8127,,,0.3661,
5353,5352,0.8127,,,0.3676,
3337,3338,0.8126,,,0.3690,
181,179,0.8119,,,0.3696,
3968,3967,0.8117,,,0.3704,
9949,9839,0.8117,,,0.3704,
296,231,0.8114,,,0.3707,
3841,139,0.8114,,,0.3725,
2945,20,0.8098,,,0.3734,
5864,5918,0.8093,,,0.3748,
3694,1121,0.8092,,,0.3775,
3897,506,0.8092,,,0.3791,
3666,470,0.8091,,,0.3796,
233,284,0.8089,,,0.3798,
2920,3627,0.8088,,,0.3802,
5187,5186,0.8078,,,0.3802,
2957,15,0.8058,,,0.3805,
8,3623,0.8053,,,0.3808,
10008,10635,0.8053,,,0.3822,
3263,492,0.8050,,,0.3844,
435,3681,0.8049,,,0.3844,
105,3717,0.8047,,,0.3863,
571,3808,0.8046,,,0.3863,
4022,4023,0.8046,,,0.3864,
3712,6,0.8039,,,0.3869,
434,3680,0.8028,,,0.3888,
1125,3770,0.8025,,,0.3889,
3819,206,0.8020,,,0.3890,
5185,5184,0.8014,,,0.3896,
3709,64,0.7999,,,0.3909,
8028,9081,0.7995,,,0.3933,
3643,29,0.7992,,,0.3935,
978,3754,0.7989,,,0.3943,
3683,437,0.7987,,,0.3948,
2635,2244,0.7986,,,0.3951,
3867,3050,0.7984,,,0.3954,
9204,10594,0.7980,,,0.3990,
2945,3635,0.7978,,,0.4000,
4952,4953,0.7978,,,0.4007,
439,3665,0.7974,,,0.4009,
2640,2283,0.7974,,,0.4019,
5663,5664,0.7966,,,0.4046,
3850,129,0.7963,,,0.4048,
5619,3428,0.7963,,,0.4054,
8955,10018,0.7958,,,0.4055,
504,3779,0.7957,,,0.4060,
8627,9636,0.7953,,,0.4079,
111,3740,0.7945,,,0.4089,
8234,10018,0.7942,,,0.4105,
1148,998,0.7937,,,0.4107,
2628,2252,0.7933,,,0.4109,
78,3723,0.7916,,,0.4115,
3836,144,0.7912,,,0.4128,
3848,132,0.7909,,,0.4142,
3239,4401,0.7891,,,0.4150,
9204,7676,0.7887,,,0.4151,
7,3622,0.7885,,,0.4160,
2953,3645,0.7883,,,0.4164,
2,3763,0.7874,,,0.4187,
108,3822,0.7869,,,0.4199,
5365,5364,0.7868,,,0.4207,
8627,8503,0.7868,,,0.4211,
35,3714,0.7863,,,0.4223,
6226,10594,0.7862,,,0.4226,
173,179,0.7860,,,0.4244,
4849,4850,0.7858,,,0.4248,
73,3727,0.7854,,,0.4251,
2630,2206,0.7852,,,0.4266,
3817,208,0.7845,,,0.4277,
69,3812,0.7830,,,0.4283,
422,3686,0.7830,,,0.4284,
3811,244,0.7829,,,0.4290,
2910,18,0.7828,,,0.4303,
1018,3771,0.7827,,,0.4304,
4479,1818,0.7826,,,0.4313,
4577,4578,0.7826,,,0.4314,
44,3708,0.7814,,,0.4316,
2278,1122,0.7803,,,0.4317,
6027,2082,0.7800,,,0.4319,
10008,7213,0.7799,,,0.4329,
484,3050,0.7790,,,0.4329,
5362,5363,0.7781,,,0.4341,
3459,3303,0.7779,,,0.4343,
6701,7568,0.7779,,,0.4349,
8627,7609,0.7776,,,0.4361,
4989,9551,0.7772,,,0.4365,
103,3715,0.7766,,,0.4375,
3838,142,0.7766,,,0.4386,
3969,3568,0.7754,,,0.4392,
2656,2253,0.7744,,,0.4400,
5109,5110,0.7744,,,0.4401,
2659,2212,0.7743,,,0.4403,
4381,4380,0.7743,,,0.4406,
16,3631,0.7715,,,0.4410,
3865,3036,0.7714,,,0.4411,
3859,492,0.7703,,,0.4428,
174,179,0.7701,,,0.4433,
4572,4571,0.7695,,,0.4435,
32,3646,0.7682,,,0.4437,
7253,6753,0.7677,,,0.4441,
12,2920,0.7675,,,0.4449,
2138,9066,0.7674,,,0.4455,
3825,116,0.7674,,,0.4457,
485,3866,0.7667,,,0.4461,
568,3856,0.7665,,,0.4463,
177,179,0.7664,,,0.4466,
9796,8366,0.7661,,,0.4468,
5357,5356,0.7643,,,0.4472,
763,3753,0.7641,,,0.4472,
5360,5359,0.7638,,,0.4481,
3840,140,0.7633,,,0.4500,
119,3706,0.7616,,,0.4508,
169,3664,0.7616,,,0.4509,
4039,4038,0.7616,,,0.4516,
4396,4397,0.7616,,,0.4520,
8628,8234,0.7612,,,0.4526,
3905,1140,0.7605,,,0.4530,
2910,3633,0.7601,,,0.4534,
3226,485,0.7597,,,0.4548,
3636,21,0.7589,,,0.4559,
149,3832,0.7586,,,0.4567,
1093,2319,0.7584,,,0.4574,
6929,8559,0.7582,,,0.4581,
8627,7341,0.7577,,,0.4582,
3881,224,0.7573,,,0.4588,
8628,8955,0.7567,,,0.4591,
8503,7609,0.7560,,,0.4595,
1128,3768,0.7559,,,0.4597,
3174,2273,0.7559,,,0.4601,
8353,9619,0.7555,,,0.4601,
1162,3800,0.7553,,,0.4603,
2698,2697,0.7550,,,0.4612,
5381,5380,0.7526,,,0.4615,
4890,4891,0.7521,,,0.4624,
3818,207,0.7520,,,0.4638,
109,3892,0.7519,,,0.4650,
71,3729,0.7517,,,0.4651,
3649,1160,0.7516,,,0.4658,
8129,8185,0.7516,,,0.4663,
2245,2670,0.7514,,,0.4665,
230,335,0.7512,,,0.4670,
110,3741,0.7508,,,0.4677,
3844,136,0.7507,,,0.4679,
4793,4792,0.7499,,,0.4686,
269,235,0.7494,,,0.4692,
4401,4402,0.7488,,,0.4696,
6130,6226,0.7484,,,0.4700,
5368,5369,0.7483,,,0.4702,
5301,5300,0.7477,,,0.4711,
7676,10594,0.7468,,,0.4713,
66,3788,0.7463,,,0.4733,
3903,1142,0.7463,,,0.4740,
5351,5350,0.7460,,,0.4752,
4581,4582,0.7458,,,0.4752,
7341,7609,0.7456,,,0.4759,
5152,5151,0.7441,,,0.4763,
486,3036,0.7440,,,0.4774,
163,3660,0.7436,,,0.4778,
6226,7443,0.7436,,,0.4783,
27,2988,0.7432,,,0.4787,
3703,471,0.7427,,,0.4791,
3895,505,0.7426,,,0.4791,
426,3672,0.7425,,,0.4796,
3,3767,0.7423,,,0.4799,
7609,9551,0.7419,,,0.4799,
3636,2950,0.7410,,,0.4806,
6130,10594,0.7408,,,0.4809,
5382,5383,0.7391,,,0.4812,
7991,9636,0.7380,,,0.4822,
5153,5152,0.7377,,,0.4832,
8271,7341,0.7376,,,0.4836,
5672,3957,0.7371,,,0.4841,
3721,80,0.7363,,,0.4847,
9760,7482,0.7361,,,0.4847,
7341,8503,0.7360,,,0.4856,
6870,10018,0.7354,,,0.4860,
3695,1119,0.7352,,,0.4861,
161,3658,0.7344,,,0.4877,
3625,10,0.7341,,,0.4884,
3845,135,0.7340,,,0.4885,
2329,2330,0.7330,,,0.4890,
2602,3855,0.7329,,,0.4901,
21,2950,0.7321,,,0.4903,
8560,10635,0.7319,,,0.4906,
3821,189,0.7310,,,0.4914,
3882,107,0.7303,,,0.4914,
4478,1818,0.7297,,,0.4914,
3407,3408,0.7293,,,0.4915,
8628,10018,0.7293,,,0.4924,
3701,33,0.7292,,,0.4929,
8955,8106,0.7291,,,0.4931,
4115,3567,0.7289,,,0.4936,
3731,36,0.7280,,,0.4938,
939,3648,0.7273,,,0.4945,
8627,9551,0.7266,,,0.4952,
7991,7609,0.7260,,,0.4953,
488,3863,0.7259,,,0.4959,
3827,940,0.7242,,,0.4964,
8503,9551,0.7242,,,0.4983,
3467,5733,0.7237,,,0.4989,
77,3724,0.7228,,,0.4994,
4988,7609,0.7215,,,0.5006,
183,179,0.7210,,,0.5007,
2292,2668,0.7210,,,0.5024,
4989,7609,0.7199,,,0.5025,
1911,10374,0.7194,,,0.5028,
337,232,0.7184,,,0.5036,
2934,23,0.7172,,,0.5071,
176,179,0.7162,,,0.5078,
4112,4111,0.7150,,,0.5083,
3907,185,0.7148,,,0.5090,
234,308,0.7146,,,0.5096,
180,186,0.7145,,,0.5099,
486,3865,0.7143,,,0.5107,
1914,7737,0.7135,,,0.5115,
7666,9929,0.7124,,,0.5121,
3384,3328,0.7123,,,0.5122,
1037,3807,0.7122,,,0.5123,
179,186,0.7116,,,0.5127,
7676,6226,0.7114,,,0.5133,
3876,61,0.7112,,,0.5135,
7667,9169,0.7101,,,0.5136,
45,3748,0.7092,,,0.5151,
3803,440,0.7092,,,0.5168,
3628,13,0.7089,,,0.5171,
461,460,0.7087,,,0.5194,
183,173,0.7085,,,0.5200,
8414,9402,0.7081,,,0.5207,
173,176,0.7079,,,0.5210,
8271,7609,0.7076,,,0.5210,
225,3804,0.7071,,,0.5215,
7676,9169,0.7053,,,0.5220,
6011,103,0.7046,,,0.5225,
3337,3341,0.7045,,,0.5227,
8627,7991,0.7038,,,0.5246,
6141,8161,0.7028,,,0.5262,
184,179,0.7022,,,0.5264,
5063,7017,0.7019,,,0.5264,
174,177,0.7007,,,0.5268,
8503,9636,0.7002,,,0.5281,
1615,2816,0.6996,,,0.5283,
8271,8194,0.6995,,,0.5292,
3667,476,0.6994,,,0.5304,
181,180,0.6985,,,0.5305,
2868,5713,0.6970,,,0.5315,
2229,2638,0.6962,,,0.5318,
6694,8271,0.6956,,,0.5320,
8203,9349,0.6952,,,0.5320,
2602,577,0.6948,,,0.5321,
3174,1806,0.6944,,,0.5325,
2290,8954,0.6933,,,0.5326,
5000,7737,0.6933,,,0.5326,
9204,6226,0.6933,,,0.5328,
6130,7443,0.6927,,,0.5334,
3280,4478,0.6926,,,0.5336,
3258,3502,0.6920,,,0.5336,
178,179,0.6911,,,0.5343,
2990,3607,0.6911,,,0.5355,
4756,4755,0.6904,,,0.5356,
3824,499,0.6901,,,0.5376,
2449,3616,0.6900,,,0.5376,
184,181,0.6891,,,0.5378,
4988,9551,0.6884,,,0.5381,
8560,7213,0.6880,,,0.5384,
4989,8627,0.6878,,,0.5386,
6929,8704,0.6876,,,0.5388,
7991,8503,0.6876,,,0.5396,
6870,8955,0.6865,,,0.5398,
7146,8403,0.6860,,,0.5400,
8560,10008,0.6860,,,0.5402,
3371,3416,0.6859,,,0.5406,
6555,6226,0.6857,,,0.5413,
4900,4899,0.6856,,,0.5417,
6308,10635,0.6848,,,0.5428,
3730,37,0.6847,,,0.5435,
3859,3263,0.6847,,,0.5446,
3677,431,0.6843,,,0.5450,
3239,4402,0.6832,,,0.5461,
3640,2989,0.6827,,,0.5467,
5731,5733,0.6825,,,0.5470,
7341,9551,0.6824,,,0.5470,
7213,6308,0.6823,,,0.5486,
40,3891,0.6810,,,0.5489,
3626,11,0.6810,,,0.5490,
9983,8414,0.6810,,,0.5491,
2654,2235,0.6805,,,0.5498,
6555,10594,0.6797,,,0.5516,
183,174,0.6791,,,0.5526,
9822,9551,0.6789,,,0.5542,
7213,10594,0.6783,,,0.5558,
9822,7341,0.6780,,,0.5560,
370,646,0.6777,,,0.5567,
7068,7991,0.6771,,,0.5576,
183,176,0.6765,,,0.5580,
7667,10594,0.6751,,,0.5580,
181,177,0.6748,,,0.5581,
176,177,0.6744,,,0.5586,
2639,2232,0.6744,,,0.5587,
174,176,0.6743,,,0.5593,
7443,10594,0.6739,,,0.5603,
8106,8234,0.6737,,,0.5626,
54,3749,0.6724,,,0.5627,
2921,11,0.6721,,,0.5629,
3957,10637,0.6713,,,0.5629,
75,3726,0.6708,,,0.5630,
7981,8366,0.6704,,,0.5636,
7991,7341,0.6693,,,0.5642,
9073,9401,0.6687,,,0.5643,
3879,1053,0.6681,,,0.5671,
209,3816,0.6675,,,0.5674,
4988,9196,0.6674,,,0.5677,
4988,7341,0.6669,,,0.5684,
174,185,0.6668,,,0.5691,
173,177,0.6665,,,0.5714,
4988,9636,0.6663,,,0.5718,
173,185,0.6662,,,0.5718,
72,3728,0.6661,,,0.5719,
3555,4317,0.6654,,,0.5719,
8271,9551,0.6643,,,0.5722,
1151,3753,0.6640,,,0.5722,
4644,4643,0.6630,,,0.5725,
8802,10295,0.6627,,,0.5736,
8769,6612,0.6622,,,0.5740,
4834,4835,0.6619,,,0.5749,
6130,9169,0.6619,,,0.5757,
8560,6308,0.6619,,,0.5762,
6555,6130,0.6617,,,0.5765,
9823,7146,0.6606,,,0.5767,
8271,7991,0.6601,,,0.5771,
3784,497,0.6595,,,0.5783,
6011,3715,0.6593,,,0.5784,
26,3640,0.6592,,,0.5787,
26,2989,0.6590,,,0.5788,
7083,2351,0.6588,,,0.5805,
3467,5731,0.6584,,,0.5806,
181,186,0.6581,,,0.5815,
8760,8405,0.6577,,,0.5824,
3673,427,0.6575,,,0.5829,
42,3909,0.6568,,,0.5831,
9455,9906,0.6544,,,0.5832,
183,181,0.6541,,,0.5838,
9169,10594,0.6537,,,0.5841,
2356,2399,0.6536,,,0.5848,
8271,8802,0.6533,,,0.5849,
9059,10018,0.6532,,,0.5854,
10008,6308,0.6530,,,0.5855,
487,3864,0.6519,,,0.5858,
3638,23,0.6516,,,0.5861,
4210,4211,0.6506,,,0.5861,
6555,9169,0.6505,,,0.5870,
180,179,0.6504,,,0.5872,
3852,127,0.6500,,,0.5872,
7473,8366,0.6500,,,0.5878,
109,711,0.6484,,,0.5879,
8194,9196,0.6484,,,0.5886,
9551,9636,0.6479,,,0.5891,
50,3710,0.6468,,,0.5892,
5153,9929,0.6461,,,0.5895,
7676,7667,0.6457,,,0.5902,
3892,711,0.6449,,,0.5915,
2272,2649,0.6443,,,0.5917,
6555,7667,0.6442,,,0.5923,
55,3705,0.6438,,,0.5930,
173,186,0.6436,,,0.5935,
2243,2660,0.6431,,,0.5939,
4878,4879,0.6428,,,0.5946,
7676,7443,0.6413,,,0.5947,
3910,43,0.6408,,,0.5950,
178,181,0.6401,,,0.5953,
181,173,0.6393,,,0.5958,
3983,3984,0.6393,,,0.5970,
6226,9169,0.6393,,,0.5972,
8271,4988,0.6393,,,0.5976,
8627,4988,0.6391,,,0.5978,
484,3867,0.6388,,,0.5983,
184,177,0.6382,,,0.5986,
8561,9073,0.6382,,,0.5991,
48,3758,0.6373,,,0.5998,
6555,7443,0.6373,,,0.6010,
3906,1139,0.6362,,,0.6014,
6141,9030,0.6358,,,0.6014,
181,174,0.6354,,,0.6022,
2954,29,0.6352,,,0.6026,
6804,8990,0.6346,,,0.6027,
3887,247,0.6333,,,0.6028,
33,1041,0.6332,,,0.6033,
2622,8287,0.6331,,,0.6036,
4876,4877,0.6329,,,0.6046,
115,3733,0.6328,,,0.6047,
7676,6130,0.6306,,,0.6052,
183,177,0.6305,,,0.6052,
2705,2703,0.6299,,,0.6057,
4989,8503,0.6298,,,0.6058,
7609,9636,0.6298,,,0.6059,
174,186,0.6287,,,0.6066,
2169,3618,0.6271,,,0.6070,
8802,8194,0.6268,,,0.6073,
4989,9636,0.6256,,,0.6076,
6694,9822,0.6256,,,0.6078,
27,3641,0.6246,,,0.6079,
3755,155,0.6246,,,0.6087,
4989,9822,0.6243,,,0.6088,
3180,490,0.6237,,,0.6098,
4422,4421,0.6237,,,0.6100,
152,3653,0.6232,,,0.6101,
8106,10018,0.6227,,,0.6101,
6142,9759,0.6224,,,0.6102,
241,3711,0.6222,,,0.6105,
8635,7544,0.6221,,,0.6109,
6694,8194,0.6205,,,0.6112,
9822,7068,0.6197,,,0.6118,
8802,7068,0.6195,,,0.6125,
6870,8628,0.6190,,,0.6127,
3626,2921,0.6183,,,0.6127,
616,346,0.6182,,,0.6136,
4988,8194,0.6181,,,0.6140,
8627,9822,0.6177,,,0.6144,
4988,9822,0.6167,,,0.6153,
7068,8503,0.6165,,,0.6157,
1168,3750,0.6159,,,0.6159,
452,3786,0.6157,,,0.6165,
240,3787,0.6153,,,0.6167,
2262,2657,0.6144,,,0.6177,
8194,6778,0.6140,,,0.6181,
8071,10395,0.6136,,,0.6182,
175,177,0.6127,,,0.6183,
8769,7146,0.6127,,,0.6190,
185,179,0.6125,,,0.6195,
7487,9196,0.6118,,,0.6197,
8161,9030,0.6112,,,0.6205,
5832,6014,0.6109,,,0.6221,
9204,7667,0.6105,,,0.6222,
7341,9636,0.6102,,,0.6224,
181,176,0.6101,,,0.6227,
184,180,0.6101,,,0.6232,
17,2888,0.6100,,,0.6237,
9796,7981,0.6098,,,0.6237,
8627,8271,0.6088,,,0.6243,
4989,7341,0.6087,,,0.6246,
5672,10637,0.6079,,,0.6246,
9204,7213,0.6078,,,0.6256,
8271,8503,0.6076,,,0.6256,
3632,2888,0.6073,,,0.6268,
5153,7883,0.6070,,,0.6271,
6870,8106,0.6066,,,0.6287,
9402,9471,0.6059,,,0.6298,
971,3757,0.6058,,,0.6298,
3424,3425,0.6057,,,0.6299,
8234,9059,0.6052,,,0.6305,
9081,7981,0.6052,,,0.6306,
184,178,0.6047,,,0.6328,
148,3833,0.6046,,,0.6329,
9169,7443,0.6036,,,0.6331,
2285,2634,0.6033,,,0.6332,
3878,47,0.6028,,,0.6333,
4554,4553,0.6027,,,0.6346,
7068,10295,0.6026,,,0.6352,
185,186,0.6022,,,0.6354,
459,3828,0.6014,,,0.6358,
4988,7991,0.6014,,,0.6362,
9551,9196,0.6010,,,0.6373,
9822,7991,0.5998,,,0.6373,
3904,1141,0.5991,,,0.6382,
3698,1103,0.5986,,,0.6382,
183,184,0.5983,,,0.6388,
4706,4705,0.5978,,,0.6391,
7676,7213,0.5976,,,0.6393,
7667,7443,0.5972,,,0.6393,
8769,8403,0.5970,,,0.6393,
6694,7341,0.5958,,,0.6393,
9822,9636,0.5953,,,0.6401,
8271,9196,0.5950,,,0.6408,
3212,3864,0.5947,,,0.6413,
6694,7068,0.5946,,,0.6428,
3743,1101,0.5939,,,0.6431,
1124,993,0.5935,,,0.6436,
4989,8271,0.5930,,,0.6438,
9551,10295,0.5923,,,0.6442,
177,186,0.5917,,,0.6443,
3631,2880,0.5915,,,0.6449,
5588,3295,0.5902,,,0.6457,
184,174,0.5895,,,0.6461,
6694,8802,0.5892,,,0.6468,
2764,2765,0.5891,,,0.6479,
8271,7068,0.5886,,,0.6484,
3719,82,0.5879,,,0.6484,
6612,7146,0.5878,,,0.6500,
4989,9196,0.5872,,,0.6500,
6129,10129,0.5872,,,0.6504,
9204,7443,0.5870,,,0.6505,
3600,2301,0.5861,,,0.6506,
9822,8503,0.5861,,,0.6516,
4586,4585,0.5858,,,0.6519,
6694,10295,0.5855,,,0.6530,
6870,8234,0.5854,,,0.6532,
8627,7068,0.5849,,,0.6533,
6694,9551,0.5848,,,0.6536,
4988,8503,0.5841,,,0.6537,
3772,1017,0.5838,,,0.6541,
4989,6694,0.5832,,,0.6544,
10594,10635,0.5831,,,0.6568,
7991,9551,0.5829,,,0.6575,
6226,7667,0.5824,,,0.6577,
7473,7981,0.5815,,,0.6581,
442,3759,0.5806,,,0.6584,
3899,461,0.5805,,,0.6588,
3907,179,0.5788,,,0.6590,
9204,9169,0.5787,,,0.6592,
6612,9823,0.5784,,,0.6593,
6694,7991,0.5783,,,0.6595,
7068,7609,0.5771,,,0.6601,
184,186,0.5767,,,0.6606,
7068,7341,0.5765,,,0.6617,
2650,2209,0.5762,,,0.6619,
6778,10295,0.5757,,,0.6619,
4989,7487,0.5749,,,0.6619,
25,1120,0.5740,,,0.6622,
7213,6130,0.5736,,,0.6627,
185,180,0.5725,,,0.6630,
184,185,0.5722,,,0.6640,
6130,7667,0.5722,,,0.6643,
4989,9840,0.5719,,,0.6654,
8821,6754,0.5719,,,0.6661,
53,3896,0.5718,,,0.6662,
3908,70,0.5718,,,0.6663,
3641,2988,0.5714,,,0.6665,
4062,4061,0.5691,,,0.6668,
3258,2680,0.5684,,,0.6669,
3458,3308,0.5677,,,0.6674,
9204,6130,0.5674,,,0.6675,
3643,2954,0.5671,,,0.6681,
177,185,0.5643,,,0.6687,
8279,7745,0.5642,,,0.6693,
182,173,0.5636,,,0.6704,
7676,10635,0.5630,,,0.6708,
478,3894,0.5629,,,0.6713,
7068,9636,0.5629,,,0.6721,
8488,7253,0.5627,,,0.6724,
7213,7517,0.5626,,,0.6737,
8194,10295,0.5603,,,0.6739,
3871,468,0.5593,,,0.6743,
9822,9840,0.5587,,,0.6744,
178,186,0.5586,,,0.6744,
3638,2934,0.5581,,,0.6748,
3777,512,0.5580,,,0.6751,
3853,975,0.5580,,,0.6765,
183,180,0.5576,,,0.6771,
4398,4397,0.5567,,,0.6777,
511,3691,0.5560,,,0.6780,
7213,6226,0.5558,,,0.6783,
763,1151,0.5542,,,0.6789,
9081,9796,0.5526,,,0.6791,
3450,3309,0.5516,,,0.6797,
8628,9059,0.5498,,,0.6805,
7609,9196,0.5491,,,0.6810,
7068,8194,0.5490,,,0.6810,
9196,9636,0.5489,,,0.6810,
8802,7609,0.5486,,,0.6823,
6555,7676,0.5470,,,0.6824,
8802,7991,0.5470,,,0.6825,
8628,8106,0.5467,,,0.6827,
6611,3183,0.5461,,,0.6832,
7068,7316,0.5450,,,0.6843,
4169,8169,0.5446,,,0.6847,
8028,9796,0.5435,,,0.6847,
182,174,0.5428,,,0.6848,
183,185,0.5417,,,0.6856,
3907,181,0.5413,,,0.6857,
184,173,0.5406,,,0.6859,
178,177,0.5402,,,0.6860,
3654,156,0.5400,,,0.6860,
7487,10295,0.5398,,,0.6865,
7517,10594,0.5396,,,0.6876,
1124,3776,0.5388,,,0.6876,
6870,9059,0.5386,,,0.6878,
7609,10295,0.5384,,,0.6880,
175,176,0.5381,,,0.6884,
2919,13,0.5378,,,0.6891,
1799,4456,0.5376,,,0.6900,
8271,10295,0.5376,,,0.6901,
8194,7609,0.5356,,,0.6904,
184,176,0.5355,,,0.6911,
8560,7676,0.5343,,,0.6911,
7473,9796,0.5336,,,0.6920,
8955,9059,0.5336,,,0.6926,
4989,7991,0.5334,,,0.6927,
182,185,0.5328,,,0.6933,
175,179,0.5326,,,0.6933,
4988,7068,0.5326,,,0.6933,
8271,9822,0.5325,,,0.6944,
6277,10103,0.5321,,,0.6948,
6694,7609,0.5320,,,0.6952,
8697,9823,0.5320,,,0.6956,
16,2880,0.5318,,,0.6962,
8503,10295,0.5315,,,0.6970,
9822,7609,0.5305,,,0.6985,
4989,7068,0.5304,,,0.6994,
2273,1806,0.5292,,,0.6995,
3655,157,0.5283,,,0.6996,
3957,9168,0.5281,,,0.7002,
8697,6612,0.5268,,,0.7007,
6612,8403,0.5264,,,0.7019,
8271,9636,0.5264,,,0.7022,
10008,7517,0.5262,,,0.7028,
9822,9196,0.5246,,,0.7038,
8194,7341,0.5227,,,0.7045,
9168,10637,0.5225,,,0.7046,
178,180,0.5220,,,0.7053,
8028,7981,0.5215,,,0.7071,
181,185,0.5210,,,0.7076,
9983,9402,0.5210,,,0.7079,
7341,7316,0.5207,,,0.7081,
3872,974,0.5200,,,0.7085,
5242,10112,0.5194,,,0.7087,
3180,3861,0.5171,,,0.7089,
6778,9125,0.5168,,,0.7092,
8488,6753,0.5151,,,0.7092,
7487,9125,0.5136,,,0.7101,
5287,3585,0.5135,,,0.7112,
6053,5690,0.5133,,,0.7114,
489,3862,0.5127,,,0.7116,
7316,8503,0.5123,,,0.7122,
8561,9401,0.5122,,,0.7123,
8194,9125,0.5121,,,0.7124,
3858,493,0.5115,,,0.7135,
8203,6811,0.5107,,,0.7143,
183,186,0.5099,,,0.7145,
1178,3790,0.5096,,,0.7146,
8194,7316,0.5090,,,0.7148,
8769,8697,0.5083,,,0.7150,
7341,9196,0.5078,,,0.7162,
182,3907,0.5071,,,0.7172,
176,186,0.5036,,,0.7184,
3899,460,0.5028,,,0.7194,
177,180,0.5025,,,0.7199,
7068,9551,0.5024,,,0.7210,
8802,7341,0.5007,,,0.7210,
41,3802,0.5006,,,0.7215,
8802,9196,0.4994,,,0.7228,
8503,9196,0.4989,,,0.7237,
704,258,0.4983,,,0.7242,
6555,9204,0.4964,,,0.7242,
6694,9196,0.4959,,,0.7259,
3907,174,0.4953,,,0.7260,
183,178,0.4952,,,0.7266,
8194,9551,0.4945,,,0.7273,
5151,9929,0.4938,,,0.7280,
8560,10594,0.4936,,,0.7289,
4988,7316,0.4931,,,0.7291,
175,186,0.4929,,,0.7292,
8203,7114,0.4924,,,0.7293,
6064,6051,0.4915,,,0.7293,
3637,2944,0.4914,,,0.7297,
5168,5166,0.4914,,,0.7303,
7676,6308,0.4914,,,0.7310,
5152,9929,0.4906,,,0.7319,
4989,8194,0.4903,,,0.7321,
8627,7316,0.4901,,,0.7329,
7991,9196,0.4890,,,0.7330,
176,180,0.4885,,,0.7340,
7883,9929,0.4884,,,0.7341,
6694,6778,0.4877,,,0.7344,
6333,7041,0.4861,,,0.7352,
9204,10635,0.4860,,,0.7354,
4988,9125,0.4856,,,0.7360,
3862,3257,0.4847,,,0.7361,
4988,7487,0.4847,,,0.7363,
7068,7487,0.4841,,,0.7371,
3907,173,0.4836,,,0.7376,
8704,8559,0.4832,,,0.7377,
4971,4972,0.4822,,,0.7380,
9204,6308,0.4812,,,0.7391,
3235,3863,0.4809,,,0.7408,
3310,2895,0.4806,,,0.7410,
4848,4849,0.4799,,,0.7419,
9196,9840,0.4799,,,0.7423,
6811,9349,0.4796,,,0.7425,
5151,7883,0.4791,,,0.7426,
6870,6210,0.4791,,,0.7427,
9822,7316,0.4787,,,0.7432,
4988,9840,0.4783,,,0.7436,
7517,10635,0.4778,,,0.7436,
7487,9840,0.4774,,,0.7440,
1605,2623,0.4763,,,0.7441,
3628,2919,0.4759,,,0.7456,
174,180,0.4752,,,0.7458,
2347,2413,0.4752,,,0.7460,
6694,7487,0.4740,,,0.7463,
8560,6226,0.4733,,,0.7463,
8627,9196,0.4713,,,0.7468,
1044,3746,0.4711,,,0.7477,
5672,9168,0.4702,,,0.7483,
7991,7316,0.4700,,,0.7484,
4759,4758,0.4696,,,0.7488,
2492,2364,0.4692,,,0.7494,
3907,180,0.4686,,,0.7499,
3890,941,0.4679,,,0.7507,
3472,5734,0.4677,,,0.7508,
3785,496,0.4670,,,0.7512,
173,180,0.4665,,,0.7514,
6694,4988,0.4663,,,0.7516,
8194,7487,0.4658,,,0.7516,
6694,8503,0.4651,,,0.7517,
7114,9349,0.4650,,,0.7519,
4396,4398,0.4638,,,0.7520,
6210,10018,0.4624,,,0.7521,
183,175,0.4615,,,0.7526,
7068,9125,0.4612,,,0.7550,
4989,10295,0.4603,,,0.7553,
176,185,0.4601,,,0.7555,
9822,7487,0.4601,,,0.7559,
8627,8194,0.4597,,,0.7559,
8560,9204,0.4595,,,0.7560,
175,180,0.4591,,,0.7567,
6694,9125,0.4588,,,0.7573,
6308,7517,0.4582,,,0.7577,
9823,8403,0.4581,,,0.7582,
5191,5192,0.4574,,,0.7584,
8769,9823,0.4567,,,0.7586,
5000,1914,0.4559,,,0.7589,
9196,10295,0.4548,,,0.7597,
8802,9551,0.4534,,,0.7601,
178,174,0.4530,,,0.7605,
8271,6778,0.4526,,,0.7612,
4848,4850,0.4520,,,0.7616,
9551,9840,0.4516,,,0.7616,
9822,9125,0.4509,,,0.7616,
8560,6130,0.4508,,,0.7616,
3875,503,0.4500,,,0.7633,
7341,10295,0.4481,,,0.7638,
104,3829,0.4472,,,0.7641,
3738,38,0.4472,,,0.7643,
2055,3113,0.4468,,,0.7661,
6226,10635,0.4466,,,0.7664,
8635,9050,0.4463,,,0.7665,
8194,8503,0.4461,,,0.7667,
6694,8627,0.4457,,,0.7674,
8802,4988,0.4455,,,0.7674,
3280,4479,0.4449,,,0.7675,
8203,6662,0.4441,,,0.7677,
7991,10295,0.4437,,,0.7682,
8627,10295,0.4435,,,0.7695,
8194,7991,0.4433,,,0.7701,
3280,1818,0.4428,,,0.7703,
182,186,0.4411,,,0.7714,
7068,9840,0.4410,,,0.7715,
8802,8503,0.4406,,,0.7743,
6210,8234,0.4403,,,0.7743,
7316,9125,0.4401,,,0.7744,
6555,7517,0.4400,,,0.7744,
7213,9169,0.4392,,,0.7754,
6662,9349,0.4386,,,0.7766,
8414,9471,0.4375,,,0.7766,
3252,491,0.4365,,,0.7772,
9125,10295,0.4361,,,0.7776,
5462,3448,0.4349,,,0.7779,
6130,6308,0.4343,,,0.7779,
9050,7544,0.4341,,,0.7781,
3520,4010,0.4329,,,0.7790,
6308,10594,0.4329,,,0.7799,
6694,7316,0.4319,,,0.7800,
9125,9196,0.4317,,,0.7803,
9204,7517,0.4316,,,0.7814,
3252,3860,0.4314,,,0.7826,
3907,186,0.4313,,,0.7826,
182,179,0.4304,,,0.7827,
8802,7487,0.4303,,,0.7828,
6226,7517,0.4290,,,0.7829,
9822,10295,0.4284,,,0.7830,
7316,10295,0.4283,,,0.7830,
7487,9636,0.4277,,,0.7845,
8697,7146,0.4266,,,0.7852,
9636,9840,0.4251,,,0.7854,
4284,6702,0.4248,,,0.7858,
8271,7487,0.4244,,,0.7860,
9081,8366,0.4226,,,0.7862,
178,173,0.4223,,,0.7863,
5309,5310,0.4211,,,0.7868,
3861,490,0.4207,,,0.7868,
8627,8802,0.4199,,,0.7869,
6778,7487,0.4187,,,0.7874,
181,175,0.4164,,,0.7883,
10008,10594,0.4160,,,0.7885,
3907,178,0.4151,,,0.7887,
7487,9551,0.4150,,,0.7891,
3907,184,0.4142,,,0.7909,
489,3257,0.4128,,,0.7912,
7316,9551,0.4115,,,0.7916,
7341,6778,0.4109,,,0.7933,
6210,8955,0.4107,,,0.7937,
178,176,0.4105,,,0.7942,
182,181,0.4089,,,0.7945,
9636,10295,0.4079,,,0.7953,
4989,7316,0.4060,,,0.7957,
3701,1041,0.4055,,,0.7958,
8802,6778,0.4054,,,0.7963,
7316,9636,0.4048,,,0.7963,
8194,9636,0.4046,,,0.7966,
7068,9196,0.4019,,,0.7974,
6210,8106,0.4009,,,0.7974,
22,2944,0.4007,,,0.7978,
175,174,0.4000,,,0.7978,
5153,7666,0.3990,,,0.7980,
5152,7666,0.3954,,,0.7984,
4988,10295,0.3951,,,0.7986,
6694,9840,0.3948,,,0.7987,
4989,9125,0.3943,,,0.7989,
9125,9636,0.3935,,,0.7992,
3813,212,0.3933,,,0.7995,
8271,7316,0.3909,,,0.7999,
7991,9125,0.3896,,,0.8014,
8802,9822,0.3890,,,0.8020,
1518,9350,0.3889,,,0.8025,
9822,8194,0.3888,,,0.8028,
8503,9125,0.3869,,,0.8039,
7676,7517,0.3864,,,0.8046,
6130,7517,0.3863,,,0.8046,
6226,6308,0.3863,,,0.8047,
175,173,0.3844,,,0.8049,
7341,9125,0.3844,,,0.8050,
3805,979,0.3822,,,0.8053,
8028,7473,0.3808,,,0.8053,
3907,176,0.3805,,,0.8058,
178,175,0.3802,,,0.8078,
6778,9196,0.3802,,,0.8088,
6694,9636,0.3798,,,0.8089,
9169,6308,0.3796,,,0.8091,
8404,10342,0.3791,,,0.8092,
188,3760,0.3775,,,0.8092,
175,185,0.3748,,,0.8093,
8271,9125,0.3734,,,0.8098,
3518,5288,0.3725,,,0.8114,
8560,7667,0.3707,,,0.8114,
2958,3629,0.3704,,,0.8117,
8627,9840,0.3704,,,0.8117,
8802,9125,0.3696,,,0.8119,
8802,9636,0.3690,,,0.8126,
7316,6778,0.3676,,,0.8127,
8560,7517,0.3661,,,0.8127,
10008,7676,0.3658,,,0.8127,
6811,7114,0.3655,,,0.8128,
3747,1122,0.3634,,,0.8130,
8503,9840,0.3622,,,0.8133,
8802,7316,0.3608,,,0.8133,
8503,7487,0.3597,,,0.8137,
7609,9125,0.3593,,,0.8142,
8194,9840,0.3577,,,0.8145,
6555,7213,0.3571,,,0.8150,
2958,14,0.3568,,,0.8156,
178,185,0.3566,,,0.8164,
4989,8802,0.3564,,,0.8167,
10008,6226,0.3558,,,0.8178,
7213,7667,0.3530,,,0.8180,
9169,10635,0.3522,,,0.8181,
4073,4072,0.3519,,,0.8188,
10008,9204,0.3519,,,0.8192,
184,175,0.3515,,,0.8192,
6130,10635,0.3511,,,0.8197,
4988,6778,0.3506,,,0.8198,
4989,6778,0.3493,,,0.8203,
7882,8071,0.3487,,,0.8203,
3907,177,0.3485,,,0.8204,
7316,9840,0.3483,,,0.8205,
4165,4164,0.3452,,,0.8209,
4280,7041,0.3443,,,0.8236,
182,177,0.3403,,,0.8238,
6555,6308,0.3402,,,0.8238,
9125,9551,0.3402,,,0.8242,
7991,7487,0.3400,,,0.8253,
6555,8560,0.3381,,,0.8254,
8560,9169,0.3378,,,0.8256,
3235,488,0.3353,,,0.8258,
182,178,0.3343,,,0.8258,
7316,7609,0.3332,,,0.8262,
7068,6778,0.3316,,,0.8271,
7450,8233,0.3313,,,0.8275,
8028,8366,0.3309,,,0.8277,
6778,7609,0.3289,,,0.8278,
183,3907,0.3270,,,0.8291,
9125,9840,0.3256,,,0.8297,
8588,9471,0.3229,,,0.8304,
5444,3286,0.3214,,,0.8305,
7883,7666,0.3212,,,0.8305,
7609,7487,0.3200,,,0.8311,
8628,6210,0.3183,,,0.8325,
8697,8403,0.3178,,,0.8330,
3742,1102,0.3173,,,0.8337,
7667,10635,0.3160,,,0.8341,
2115,3420,0.3157,,,0.8342,
8837,4274,0.3152,,,0.8344,
3737,1036,0.3151,,,0.8348,
8503,6778,0.3148,,,0.8362,
1059,3831,0.3124,,,0.8366,
5151,7666,0.3105,,,0.8382,
10008,6130,0.3090,,,0.8386,
3463,3305,0.3087,,,0.8388,
9081,7473,0.3080,,,0.8394,
7213,7443,0.3063,,,0.8401,
8106,9059,0.3053,,,0.8408,
6778,9551,0.3040,,,0.8410,
7341,7487,0.3018,,,0.8413,
7991,9840,0.3013,,,0.8415,
7882,10395,0.2961,,,0.8416,
10008,9169,0.2956,,,0.8426,
6333,4280,0.2942,,,0.8429,
182,184,0.2929,,,0.8433,
7667,7517,0.2903,,,0.8437,
9840,10295,0.2879,,,0.8444,
7609,9840,0.2867,,,0.8445,
8627,7487,0.2827,,,0.8445,
4525,4526,0.2808,,,0.8445,
8627,9125,0.2774,,,0.8447,
6662,6811,0.2755,,,0.8449,
9983,9471,0.2738,,,0.8455,
182,176,0.2691,,,0.8459,
3747,2278,0.2684,,,0.8460,
182,180,0.2670,,,0.8463,
7316,7487,0.2670,,,0.8465,
9169,7517,0.2659,,,0.8467,
3751,1174,0.2655,,,0.8468,
7316,9196,0.2650,,,0.8469,
6555,10635,0.2640,,,0.8470,
7667,6308,0.2621,,,0.8470,
425,3671,0.2610,,,0.8470,
8271,9840,0.2602,,,0.8472,
8560,7443,0.2574,,,0.8485,
4476,9562,0.2571,,,0.8497,
6555,10008,0.2543,,,0.8504,
6169,9401,0.2446,,,0.8507,
7341,9840,0.2442,,,0.8508,
10008,7667,0.2431,,,0.8520,
5152,7883,0.2409,,,0.8533,
9073,6169,0.2398,,,0.8533,
74,3826,0.2367,,,0.8534,
6308,7443,0.2367,,,0.8542,
3902,1143,0.2364,,,0.8551,
183,182,0.2348,,,0.8554,
9822,6778,0.2331,,,0.8571,
4349,4350,0.2319,,,0.8574,
8561,6169,0.2292,,,0.8575,
3718,83,0.2223,,,0.8586,
8802,9840,0.2215,,,0.8611,
3889,988,0.2173,,,0.8619,
3527,4311,0.2168,,,0.8624,
3720,81,0.2016,,,0.8628,
3857,507,0.1997,,,0.8631,
8627,6778,0.1874,,,0.8632,
507,2917,0.1850,,,0.8637,
6210,9059,0.1815,,,0.8643,
8588,9983,0.1807,,,0.8644,
3737,5624,0.1721,,,0.8647,
3907,175,0.1684,,,0.8649,
7443,10635,0.1617,,,0.8659,
7517,7443,0.1490,,,0.8664,
8588,9402,0.1468,,,0.8664,
63,3780,0.1344,,,0.8664,
4715,4716,0.1340,,,0.8669,
1127,3762,0.1272,,,0.8687,
5265,5266,0.1205,,,0.8693,
7991,6778,0.1186,,,0.8701,
8588,8414,0.1158,,,0.8702,
6662,7114,0.1129,,,0.8707,
6778,9636,0.1051,,,0.8709,
3857,2917,0.0965,,,0.8739,
1094,3762,0.0947,,,0.8744,
3678,432,0.0917,,,0.8746,
10008,7443,0.0841,,,0.8750,
6778,9840,0.0586,,,0.8755,
182,175,0.0452,,,0.8760,
5265,5267,0.0222,,,0.8765,
472,3704,-0.1713,,,0.8768,
5266,5267,-0.2673,,,0.8773,
172,173,-1.0000,,,0.8776,
172,174,-1.0000,,,0.8776,
172,175,-1.0000,,,0.8778,
172,176,-1.0000,,,0.8800,
172,177,-1.0000,,,0.8800,
172,178,-1.0000,,,0.8809,
172,179,-1.0000,,,0.8811,
172,180,-1.0000,,,0.8814,
172,181,-1.0000,,,0.8815,
172,182,-1.0000,,,0.8817,
172,183,-1.0000,,,0.8833,
172,184,-1.0000,,,0.8834,
172,185,-1.0000,,,0.8841,
172,186,-1.0000,,,0.8842,
172,3907,-1.0000,,,0.8850,
945,1130,-1.0000,,,0.8872,
1129,1131,-1.0000,,,0.8876,
1129,1132,-1.0000,,,0.8904,
1129,1133,-1.0000,,,0.8910,
1129,1134,-1.0000,,,0.8913,
1129,1135,-1.0000,,,0.8917,
1129,1136,-1.0000,,,0.8951,
1129,1138,-1.0000,,,0.8984,
1131,1132,-1.0000,,,0.8990,
1131,1133,-1.0000,,,0.9002,
1131,1134,-1.0000,,,0.9014,
1131,1135,-1.0000,,,0.9031,
1131,1136,-1.0000,,,0.9037,
1131,1138,-1.0000,,,0.9042,
1132,1133,-1.0000,,,0.9043,
1132,1134,-1.0000,,,0.9052,
1132,1135,-1.0000,,,0.9073,
1132,1136,-1.0000,,,0.9081,
1132,1138,-1.0000,,,0.9103,
1133,1134,-1.0000,,,0.9111,
1133,1135,-1.0000,,,0.9125,
1133,1136,-1.0000,,,0.9130,
1133,1138,-1.0000,,,0.9135,
1134,1135,-1.0000,,,0.9161,
1134,1136,-1.0000,,,0.9236,
1134,1138,-1.0000,,,0.9240,
1135,1136,-1.0000,,,0.9280,
1135,1138,-1.0000,,,0.9289,
1136,1138,-1.0000,,,0.9291,
5166,5167,-1.0000,,,0.9384,
5168,5167,-1.0000,,,0.9437,
6113,5676,-1.0000,,,0.9447,